# ðŸŽ¯ ì¸ë±ìŠ¤ ë ˆì¸ì§€ ìŠ¤ìº”

ê²€ìƒ‰í•´ì•¼í•  ì¸ë±ìŠ¤ì˜ ë²”ìœ„ê°€ ê²°ì •ëì„ ë•Œ í•´ë‹¹ ë²”ìœ„ì˜ ì‹œìž‘ ì§€ì ë¶€í„° ë§ˆì§€ë§‰ ì§€ì ê¹Œì§€ ì½ëŠ” ë°©ì‹ì„ ë§í•œë‹¤.  
ì¸ë±ìŠ¤ëŠ” í•­ìƒ ì •ë ¬ë˜ì–´ ìžˆëŠ”ë° B-Tree êµ¬ì¡°ì—ì„œë„ ë§ˆì°¬ê°€ì§€ë‹¤. ì´ë ‡ê²Œ ì •ë ¬ë˜ì–´ ìžˆëŠ” êµ¬ì¡°ë¥¼ í†µí•´ì„œ ì¸ë±ìŠ¤ ë ˆì¸ì§€ ìŠ¤ìº”ì„ í•  ìˆ˜ ìžˆë‹¤.  

### âœ… Ready

ëŒ€ìš©ëŸ‰ì˜ ë°ì´í„°ê°€ í•„ìš”í•˜ë¯€ë¡œ ðŸ”— [Repository: test_db](https://github.com/datacharmer/test_db) ë¥¼ ì°¸ê³ í•˜ì—¬ ðŸ”— [0. data](./0.data/) ë””ë ‰í† ë¦¬ì— í†µí•´ í•„ìš”í•œ ë°ì´í„°ë§Œ ëª¨ì•„ ë‘ì—ˆìŠµë‹ˆë‹¤. í•˜ë‚˜ì˜ MySQL ì„œë²„ì—ì„œ 2ê°œì˜ ë°ì´í„°ë² ì´ìŠ¤ë¥¼ êµ¬ì¶•í•˜ê³  í•˜ë‚˜ì˜ ë°ì´í„°ë² ì´ìŠ¤ì—ì„œëŠ” í…Œì´ë¸”ì„ íŠœë‹í•˜ê³  í•˜ë‚˜ëŠ” í•˜ì§€ ì•ŠëŠ” ê²ƒì´ ë¹„êµí•˜ë©´ì„œ í™•ì¸í•˜ê¸° ì¢‹ìŠµë‹ˆë‹¤.  

# ðŸŽ¯ ëª©í‘œì— ì•žì„œ

ì‚¬ìš©í•  í…Œì´ë¸”ì€ ðŸ”— [employees](./0.data/employees.sql) ì´ë¯€ë¡œ ê°„ëžµí•˜ê²Œ í…Œì´ë¸” êµ¬ì¡°ë¥¼ í™•ì¸í•˜ê¸° ë°”ëžë‹ˆë‹¤.  

```sql
mysql> DESCRIBE employees;
+------------+---------------+------+-----+---------+-------+
| Field      | Type          | Null | Key | Default | Extra |
+------------+---------------+------+-----+---------+-------+
| emp_no     | int           | NO   | PRI | NULL    |       |
| birth_date | date          | NO   |     | NULL    |       |
| first_name | varchar(14)   | NO   |     | NULL    |       |
| last_name  | varchar(16)   | NO   |     | NULL    |       |
| gender     | enum('M','F') | NO   |     | NULL    |       |
| hire_date  | date          | NO   |     | NULL    |       |
+------------+---------------+------+-----+---------+-------+
6 rows in set (0.04 sec)
```

íŠœë‹í•œ í…Œì´ë¸”ê³¼ íŠœë‹í•˜ì§€ ì•ŠëŠ” í…Œì´ë¸”ì„ ë‘ë©´ ì§ì ‘ ë¹„êµí•˜ê¸° ìˆ˜ì›”í•´ì„œ 2ê°œì˜ ë°ì´í„°ë² ì´ìŠ¤ë¥¼ ìƒì„±í•˜ê³  ë˜‘ê°™ì€ ë°ì´í„°ë¥¼ ì¤€ë¹„í•©ë‹ˆë‹¤.  

```sql
mysql> CREATE DATABASE normal;
mysql> CREATE DATABASE tuning;
```

`normal` ë°ì´í„°ë² ì´ìŠ¤ì˜ í…Œì´ë¸”ë“¤ì€ íŠœë‹í•˜ì§€ ì•Šê³  `tuning` ë°ì´í„°ë² ì´ìŠ¤ì˜ í…Œì´ë¸”ë“¤ì€ íŠœë‹í•©ë‹ˆë‹¤.  

# ðŸŽ¯ ì‹¤í–‰ê³„íš

`employees` í…Œì´ë¸”ì€ `emp_no` ì»¬ëŸ¼ì´ `PRIMARY KEY` ë¡œ ì„¤ì •ë˜ì–´ ìžˆìœ¼ë©° í˜„ìž¬ ë‹¤ë¥¸ ì¸ë±ìŠ¤ëŠ” ì—†ëŠ” ìƒíƒœì´ë‹¤. ì´ ë ˆì½”ë“œëŠ” 30ë§Œê°œì´ë©° ì„¸ì»¨ë”ë¦¬ ì¸ë±ìŠ¤ëŠ” ì—†ëŠ” ìƒí™©ì´ë‹¤.  
`emp_no` ì»¬ëŸ¼ì„ ê¸°ì¤€ìœ¼ë¡œ ë²”ìœ„ ì¡°ê±´ ì¿¼ë¦¬ì˜ ì‹¤í–‰ê³„íšì„ ë³´ë©´ `type` ì´ `range` ì¸ ê²ƒì„ í™•ì¸í•  ìˆ˜ ìžˆë‹¤. ì´ëŠ” `normal`, `tuning` ë°ì´í„°ë² ì´ìŠ¤ì™€ ìƒê´€ì—†ì´ `PRIMARY KEY` ë¥¼ ê¸°ì¤€ìœ¼ë¡œ InnoDB ëŠ” ì¸ë±ìŠ¤ë¥¼ ìƒì„±í•˜ê¸° ë•Œë¬¸ì´ë‹¤.  

- í˜„ìž¬ ì¸ë±ìŠ¤ë¥¼ ì‚´íŽ´ë³´ìž.

```sql
mysql> SHOW INDEX FROM employees;
+-----------+------------+----------+--------------+-------------+-----------+-------------+----------+--------+------+------------+---------+---------------+---------+------------+
| Table     | Non_unique | Key_name | Seq_in_index | Column_name | Collation | Cardinality | Sub_part | Packed | Null | Index_type | Comment | Index_comment | Visible | Expression |
+-----------+------------+----------+--------------+-------------+-----------+-------------+----------+--------+------+------------+---------+---------------+---------+------------+
| employees |          0 | PRIMARY  |            1 | emp_no      | A         |      299069 |     NULL |   NULL |      | BTREE      |         |               | YES     | NULL       |
+-----------+------------+----------+--------------+-------------+-----------+-------------+----------+--------+------+------------+---------+---------------+---------+------------+
1 row in set (0.02 sec)
```

- `emp_no` ë¥¼ ë²”ìœ„ ì¡°ê±´ìœ¼ë¡œ ë‘ì—ˆì„ ë•Œ ì‹¤í–‰ê³„íšì„ ì‚´íŽ´ë³´ìž

```sql
mysql> EXPLAIN SELECT * FROM employees WHERE emp_no > 10300 AND emp_no < 10500;
+----+-------------+-----------+------------+-------+---------------+---------+---------+------+------+----------+-------------+
| id | select_type | table     | partitions | type  | possible_keys | key     | key_len | ref  | rows | filtered | Extra       |
+----+-------------+-----------+------------+-------+---------------+---------+---------+------+------+----------+-------------+
|  1 | SIMPLE      | employees | NULL       | range | PRIMARY       | PRIMARY | 4       | NULL |  199 |   100.00 | Using where |
+----+-------------+-----------+------------+-------+---------------+---------+---------+------+------+----------+-------------+
1 row in set, 1 warning (0.00 sec)
```

`type` ì»¬ëŸ¼ì˜ `range` ë¥¼ í†µí•´ ì¸ë±ìŠ¤ ë ˆì¸ì§€ ìŠ¤ìº”ì„ ì‚¬ìš©í•˜ëŠ” ê²ƒì„ ì•Œ ìˆ˜ ìžˆë‹¤.  
ì¸ë±ìŠ¤ê°€ ì—†ëŠ” ì»¬ëŸ¼ì„ ì¡°ê±´ êµ¬ë¬¸ì— ë„£ìœ¼ë©´ ì–´ë–»ê²Œ ë ê¹Œ?  

- `first_name` ì„ ë²”ìœ„ ì¡°ê±´ìœ¼ë¡œ ë‘ì—ˆì„ ë•Œ ì‹¤í–‰ê³„íšì„ ì‚´íŽ´ë³´ìž

```sql
mysql> EXPLAIN SELECT first_name FROM employees WHERE first_name BETWEEN 'Georgi' AND 'Yinghua';
+----+-------------+-----------+------------+------+---------------+------+---------+------+--------+----------+-------------+
| id | select_type | table     | partitions | type | possible_keys | key  | key_len | ref  | rows   | filtered | Extra       |
+----+-------------+-----------+------------+------+---------------+------+---------+------+--------+----------+-------------+
|  1 | SIMPLE      | employees | NULL       | ALL  | NULL          | NULL | NULL    | NULL | 299069 |    11.11 | Using where |
+----+-------------+-----------+------------+------+---------------+------+---------+------+--------+----------+-------------+
1 row in set, 1 warning (0.01 sec)
```

`tyep` ì»¬ëŸ¼ì˜ `all` ì€ í…Œì´ë¸” í’€ ìŠ¤ìº”ì„ ëœ»í•˜ë©° ìµœì•…ì˜ ì„±ëŠ¥ì„ ìžëž‘(?)í•œë‹¤.  
ë§Œì•½ í•´ë‹¹ ì»¬ëŸ¼ì— ì¸ë±ìŠ¤ë¥¼ ì¶”ê°€í•˜ê²Œ ë˜ë©´ `range` ë¡œ ë°”ë€Œê²Œ ë˜ê³  í…Œì´ë¸” í’€ ìŠ¤ìº”ë³´ë‹¤ íš¨ìœ¨ì ì´ë‹¤.  

ì‹¤í–‰ê³„íšì„ ìˆ˜ë¦½í•  ë•Œ ìƒ˜í”Œë§ ë°ì´í„°ë¡œ í†µê³„ ì •ë³´ë¥¼ ê¸°ì¤€í•˜ê¸° ë•Œë¬¸ì— ë‹¤ì†Œ ë¶€ì •í™•í•  ìˆ˜ ìžˆë‹¤.  
ì‹¤ì œ ì¿¼ë¦¬ë¥¼ ë‚ ë ¸ì„ ë•Œ ì–¼ë§ˆë‚˜ ê±¸ë¦¬ëŠ”ì§€ í™•ì¸í•´ ë³´ìž.  

```sql
mysql> SELECT * FROM employees WHERE first_name BETWEEN 'Georgi' AND 'Yinghua';
...

| 499998 | 1956-09-05 | Patricia       | Breugel          | M      | 1993-10-13 |
| 499999 | 1958-05-01 | Sachin         | Tsukuda          | M      | 1997-11-30 |
+--------+------------+----------------+------------------+--------+------------+
208545 rows in set (0.12 sec)
```

í˜„ìž¬ `normal.employees` ì™€ `tuning.employees` ë‘˜ ë‹¤ ì¸ë±ìŠ¤ëŠ” `PRIMARY KEY` ë§Œ ìžˆê¸° ë•Œë¬¸ì— ê°™ì€ ì‹œê°„ì´ ê±¸ë¦´í…ë° `0.12` ì´ˆë¡œ êµ‰ìž¥ížˆ ë¹ ë¥´ê²Œ ì¡°íšŒë˜ëŠ” ê²ƒì„ ë³¼ ìˆ˜ ìžˆë‹¤. í•˜ì§€ë§Œ ì‹¤í–‰ê³„íšì—ì„œ ì•Œ ìˆ˜ ìžˆë“¯ì´ í…Œì´ë¸” í’€ ìŠ¤ìº”ì„ í•˜ê¸° ë•Œë¬¸ì— ì´ë¥¼ ë” ë‹¨ì¶•ì‹œí‚¬ ìˆ˜ ìžˆë‹¤.  

`tuning` ë°ì´í„° ë² ì´ìŠ¤ì— ì¸ë±ìŠ¤ë¥¼ ì¶”ê°€í•´ë³´ìž.  

```sql
mysql> USE tuning;
mysql> CREATE INDEX ix_first_name ON employees(first_name);
```

ìƒˆë¡œìš´ ì¸ë±ìŠ¤ê°€ ì¶”ê°€ë˜ì—ˆëŠ”ì§€ í™•ì¸í•´ë³´ê³  ì‹¤í–‰ê³„íšê³¼ ì‹œê°„ì´ ì–¼ë§ˆë‚˜ ë‹¨ì¶•ëëŠ”ì§€ í™•ì¸í•´ë³´ìž.  

- `tuning.employees` í…Œì´ë¸”ì— `first_name` ì»¬ëŸ¼ìœ¼ë¡œ ì¸ë±ìŠ¤ê°€ ìƒì„±ë˜ì—ˆë‹¤.  

```sql
mysql> SHOW INDEX FROM employees;
+-----------+------------+---------------+--------------+-------------+-----------+-------------+----------+--------+------+------------+---------+---------------+---------+------------+
| Table     | Non_unique | Key_name      | Seq_in_index | Column_name | Collation | Cardinality | Sub_part | Packed | Null | Index_type | Comment | Index_comment | Visible | Expression |
+-----------+------------+---------------+--------------+-------------+-----------+-------------+----------+--------+------+------------+---------+---------------+---------+------------+
| employees |          0 | PRIMARY       |            1 | emp_no      | A         |      299512 |     NULL |   NULL |      | BTREE      |         |               | YES     | NULL       |
| employees |          1 | ix_first_name |            1 | first_name  | A         |        1266 |     NULL |   NULL |      | BTREE      |         |               | YES     | NULL       |
+-----------+------------+---------------+--------------+-------------+-----------+-------------+----------+--------+------+------------+---------+---------------+---------+------------+
2 rows in set (0.01 sec)
```

- ì•„ê¹Œì™€ ê°™ì€ ì¿¼ë¦¬ì˜ ì‹¤í–‰ ê³„íšì„ í™•ì¸í•´ ë³´ìž.  

```sql
mysql> EXPLAIN SELECT * FROM employees WHERE first_name BETWEEN 'Georgi' AND 'Yinghua';
+----+-------------+-----------+------------+------+---------------+------+---------+------+--------+----------+-------------+
| id | select_type | table     | partitions | type | possible_keys | key  | key_len | ref  | rows   | filtered | Extra       |
+----+-------------+-----------+------------+------+---------------+------+---------+------+--------+----------+-------------+
|  1 | SIMPLE      | employees | NULL       | ALL  | ix_first_name | NULL | NULL    | NULL | 299512 |    50.00 | Using where |
+----+-------------+-----------+------------+------+---------------+------+---------+------+--------+----------+-------------+
1 row in set, 1 warning (0.01 sec)
```

ì¸ë±ìŠ¤ë¥¼ ì¶”ê°€í–ˆìŒì—ë„ ë¶ˆêµ¬í•˜ê³  ì—¬ì „ížˆ `type=all` í…Œì´ë¸” í’€ ìŠ¤ìº”ì„ í•˜ëŠ”ë° ì´ëŠ” ì¸ë±ìŠ¤ë§Œì„ í†µí•´ì„  ìµœì¢… ê²°ê³¼ë¥¼ ì–»ì§€ ëª»í•˜ëŠ” ê²ƒì„ ì˜ë¯¸í•œë‹¤.  
`SELECT *` í•´ë‹¹ êµ¬ë¬¸ì€ ëª¨ë“  ì»¬ëŸ¼ì„ ì–»ëŠ” êµ¬ë¬¸ìœ¼ë¡œ `first_name` ì¸ë±ìŠ¤ë§Œìœ¼ë¡œëŠ” í•´ë‹¹ ì»¬ëŸ¼ì˜ ë°ì´í„°ë“¤ì„ ì–»ì„ ìˆ˜ ì—†ê¸° ë•Œë¬¸ì¸ë°,  
`first_name` ìœ¼ë¡œ ì¸ë±ìŠ¤ë¥¼ ìƒì„±í•˜ë©´ `emp_no` ì™€ `first_name` ê°’ë§Œ ì €ìž¥í•œë‹¤. ë•Œë¬¸ì— ì´ë¥¼ ì œì™¸í•œ ì»¬ëŸ¼ì´ í•„ìš”í•˜ë‹¤ë©´ í•´ë‹¹ ì¸ë±ìŠ¤ë§Œìœ¼ë¡œëŠ” ë¶ˆê°€í•˜ê¸° ë•Œë¬¸ì— ì—¬ì „ížˆ í…Œì´ë¸” í’€ ìŠ¤ìº”ì„ í•˜ëŠ” ê²ƒì´ë‹¤.  
ë§Œì•½ ì¸ë±ìŠ¤ì— ì €ìž¥ëœ ê°’ë§Œìœ¼ë¡œ ì¿¼ë¦¬ë¥¼ ë§Œì¡±í•˜ë©´ ì´ë¥¼ `ì»¤ë²„ë§ ì¸ë±ìŠ¤`ë¼ í•œë‹¤. (ì¸ë±ìŠ¤ë§Œìœ¼ë¡œ ì»¤ë²„ê°€ ë˜ê¸° ë•Œë¬¸)

1. ì¸ë±ìŠ¤ì—ì„œ ì¡°ê±´ì„ ë§Œì¡±í•˜ëŠ” ê°’ì´ ì €ìž¥ëœ ìœ„ì¹˜ë¥¼ ì°¾ëŠ”ë‹¤.
2. 1ë²ˆì—ì„œ íƒìƒ‰ëœ ìœ„ì¹˜ë¶€í„° í•„ìš”í•œ ë§Œí¼ ì¸ë±ìŠ¤ë¥¼ ì­‰ ì½ëŠ”ë‹¤.
3. 2ë²ˆì—ì„œ ì½ì–´ ë“¤ì¸ í‚¤ì™€ ë ˆì½”ë“œ ì£¼ì†Œë¥¼ ì´ìš©í•´ ë ˆì½”ë“œê°€ ì €ìž¥ëœ íŽ˜ì´ì§€ë¥¼ ê°€ì ¸ì˜¤ê³ , ìµœì¢… ë ˆì½”ë“œë¥¼ ì½ì–´ì˜¨ë‹¤.

ì»¤ë²„ë§ ì¸ë±ìŠ¤ëŠ” 3ë²ˆ ê³¼ì •ì´ ìƒëžµëœë‹¤.  

`first_name` ì„ í†µí•´ ë§Œë“¤ì–´ì§„ ì¸ë±ìŠ¤ë¥¼ í†µí•´ ì»¤ë²„ë§ ì¸ë±ìŠ¤ë¡œ ì²˜ë¦¬ë˜ê²Œ ë°”ê¾¸ë ¤ë©´ `emp_no` ì™€ `first_name` ì„ ì¡°íšŒí•˜ë©´ ëœë‹¤.  

- ì•„ëž˜ì˜ ë‘ ì‹¤í–‰ê³„íšì€ ì¸ë±ìŠ¤ ë ˆì¸ì§€ ìŠ¤ìº”ì„ ì‚¬ìš©í•˜ê³  ì»¤ë²„ë§ ì¸ë±ìŠ¤ë¡œ ì²˜ë¦¬ë  ìˆ˜ ìžˆë‹¤.

```bash
mysql> EXPLAIN SELECT emp_no, first_name FROM employees WHERE first_name BETWEEN 'Georgi' AND 'Yinghua';
+----+-------------+-----------+------------+-------+---------------+---------------+---------+------+--------+----------+--------------------------+
| id | select_type | table     | partitions | type  | possible_keys | key           | key_len | ref  | rows   | filtered | Extra                    |
+----+-------------+-----------+------------+-------+---------------+---------------+---------+------+--------+----------+--------------------------+
|  1 | SIMPLE      | employees | NULL       | range | ix_first_name | ix_first_name | 58      | NULL | 149756 |   100.00 | Using where; Using index |
+----+-------------+-----------+------------+-------+---------------+---------------+---------+------+--------+----------+--------------------------+
1 row in set, 1 warning (0.01 sec)
```

```bash
mysql> EXPLAIN SELECT first_name FROM employees WHERE first_name BETWEEN 'Georgi' AND 'Yinghua';
+----+-------------+-----------+------------+-------+---------------+---------------+---------+------+--------+----------+--------------------------+
| id | select_type | table     | partitions | type  | possible_keys | key           | key_len | ref  | rows   | filtered | Extra                    |
+----+-------------+-----------+------------+-------+---------------+---------------+---------+------+--------+----------+--------------------------+
|  1 | SIMPLE      | employees | NULL       | range | ix_first_name | ix_first_name | 58      | NULL | 149756 |   100.00 | Using where; Using index |
+----+-------------+-----------+------------+-------+---------------+---------------+---------+------+--------+----------+--------------------------+
1 row in set, 1 warning (0.01 sec)
```

ì¸ë±ìŠ¤ë¥¼ ì¶”ê°€í•˜ê³  ì»¤ë²„ë§ ì¸ë±ìŠ¤ë¡œ ì²˜ë¦¬ë  ìˆ˜ ìžˆë„ë¡ ì¿¼ë¦¬ë¥¼ ìˆ˜ì •í•œ ë’¤ í…Œì´í”Œ í’€ ìŠ¤ìº”ê³¼ ì¸ë±ìŠ¤ ë ˆì¸ì§€ ìŠ¤ìº”ì˜ ì‹œê°„ ì°¨ì´ë¥¼ ë‹¤ì‹œ ì‚´íŽ´ë³´ìž.  

```sql
-- DATABASE normal (first_name ì¸ë±ìŠ¤ ì—†ìŒ)

mysql> SELECT first_name FROM employees WHERE first_name BETWEEN 'Georgi' AND 'Yinghua';
...
| Patricia       |
| Sachin         |
+----------------+
208545 rows in set (0.08 sec)
```

```sql
-- DATABASE tuning (first_name ì¸ë±ìŠ¤ ìžˆìŒ)

mysql> SELECT first_name, emp_no FROM employees WHERE first_name BETWEEN 'Georgi' AND 'Yinghua';
...
| Yinghua        | 497599 |
| Yinghua        | 499003 |
+----------------+--------+
208545 rows in set (0.07 sec)
```

ì‹œê°„ì„ ë³´ë©´ `0.08` -> `0.07` ë¡œ ì¤„ì–´ë“¤ì—ˆë‹¤ê³  ë³¼ ìˆ˜ë„ ìžˆì§€ë§Œ ì´ê²ƒì€ ì˜¤ì°¨ í—ˆìš© ë²”ìœ„ë‚´ì´ë¯€ë¡œ ì˜ë¯¸ê°€ ì—†ë‹¤.  
ì´ëŠ” ì½ê¸° ì†ìµë¶„ê¸°ì ê³¼ ê´€ê³„ê°€ ìžˆëŠ”ë° ì¼ë°˜ì ì¸ DMBSì˜ ì˜µí‹°ë§ˆì´ì €ì—ì„œ ì¸ë±ìŠ¤ë¥¼ í†µí•œ ì½ê¸°ëŠ” 4-5ë°° ë” ë¹„ìš©ì´ ë“¤ê¸° ë•Œë¬¸ì— ì¸ë±ìŠ¤ë¥¼ í†µí•œ ì½ê¸°ê°€ ì „ì²´ ë ˆì½”ë“œì˜ 20-25% ë¥¼ ë„˜ì–´ì„ ë‹¤ë©´ ë¹„íš¨ìœ¨ì ì´ê²Œ ë˜ëŠ” ê²ƒì´ë‹¤.  
ìš°ë¦¬ê°€ ë§Œë“  `ix_first_name` ì¸ë±ìŠ¤ëŠ” ì˜¤ë¦„ì°¨ìˆœìœ¼ë¡œ ì •ë ¬ë˜ëŠ”ë° `WHERE first_name BETWEEN 'Georgi' AND 'Yinghua';` êµ¬ë¬¸ì—ì„œ ì½ì–´ì•¼í•  ë ˆì½”ë“œê°€ `G ~ Y` ë¡œ `first_name` ì—ì„œ ì œì™¸ë˜ëŠ” ê°’ì€ a,b,c,d,e,f ê·¸ë¦¬ê³  z ë°–ì— ì—†ë‹¤. `first_name` ì»¬ëŸ¼ì´ ëª¨ë‘ ì•ŒíŒŒë²³ë§Œìœ¼ë¡œ ì´ë£¨ì–´ì ¸ìžˆëŠ” ì»¬ëŸ¼ì´ë¼ë©´ ì¸ë±ìŠ¤ ë ˆì¸ì§€ ìŠ¤ìº”ì€ ìž˜ ì‚¬ìš©í–ˆì§€ë§Œ ì½ê¸° ì†ìµë¶„ê¸°ì ì€ ì†í•´ë¥¼ ë³´ëŠ” ê²ƒì´ë‹¤. ë§Œì•½ ë²”ìœ„ë¥¼ ì¤„ì¸ë‹¤ë©´ ìœ ì˜ë¯¸í•œ ì„±ëŠ¥ í–¥ìƒì„ ë³¼ ìˆ˜ ìžˆë‹¤.  

```sql
-- DATABASE normal (first_name ì¸ë±ìŠ¤ ì—†ìŒ)

mysql> SELECT first_name FROM employees WHERE first_name BETWEEN 'Alejandro' AND 'Basil';
...
| Barton      |
| Aron        |
| Bangqing    |
| Bangqing    |
+-------------+
17886 rows in set (0.07 sec)
```

```sql
-- DATABASE tuning (first_name ì¸ë±ìŠ¤ ìžˆìŒ)

mysql> SELECT first_name FROM employees WHERE first_name BETWEEN 'Alejandro' AND 'Basil';
...
| Basil       |
| Basil       |
+-------------+
17886 rows in set (0.02 sec)
```